Model,F1,Precision,Recall,AUC
SVM,0.6260069044879172,0.5585215605749486,0.7120418848167539,0.9014292389786053
LOGREG,0.611764705882353,0.5171790235081374,0.7486910994764397,0.8959574820874074
Deep Neural Network,0.6312769010043041,0.6984126984126984,0.5759162303664922,0.9150646662178051
XGB,0.6572528883183568,0.6448362720403022,0.6701570680628273,0.925685979439459
RF,0.6584463625154131,0.6223776223776224,0.6989528795811518,0.9211418838118399
